id,full_name,email,phone
1,Carrol Leak,cleak0@list-manage.com,479-146-3043
2,Orsola Skingle,oskingle1@mac.com,832-381-5460
3,Packston Saich,psaich2@clickbank.net,223-905-8087
4,Enrico Rannald,erannald3@comsenz.com,128-320-2461
5,Derk Markie,dmarkie4@goo.ne.jp,693-648-4129
6,Abigale Peckitt,apeckitt5@ask.com,447-982-8258
7,Una Chellam,uchellam6@craigslist.org,233-653-3422
8,Vinnie Gisburne,vgisburne7@deviantart.com,462-145-4619
9,Latia Gover,lgover8@51.la,105-258-0366
10,Weston Leacock,wleacock9@intel.com,859-349-4425
11,Eden Aherne,eahernea@surveymonkey.com,480-591-9252
12,Robyn Moran,rmoranb@facebook.com,840-270-9363
13,Jacynth Flintoffe,jflintoffec@sohu.com,207-234-9099
14,Kaitlynn Ellingworth,kellingworthd@yellowbook.com,928-125-7343
15,Frankie Dyter,fdytere@simplemachines.org,783-871-9162
16,Moise Apperley,mapperleyf@google.com.hk,989-805-1477
17,Xever McCaskell,xmccaskellg@ucla.edu,295-485-8005
18,Pascal Kamen,pkamenh@acquirethisname.com,633-238-4754
19,Rube Greasty,rgreastyi@wisc.edu,901-715-3503
20,Clementia Treble,ctreblej@netscape.com,334-294-5963
21,Dede Mardell,dmardellk@nba.com,152-910-9837
22,Ruby Bruhke,rbruhkel@slashdot.org,288-394-1018
23,Paola Dmitr,pdmitrm@wikimedia.org,601-208-5650
24,Grove Lamar,glamarn@google.com.au,752-983-8204
25,Marlane Livingston,mlivingstono@unesco.org,176-558-0341
26,Howie Popelay,hpopelayp@fema.gov,333-415-3432
27,Ky Pietz,kpietzq@economist.com,584-488-8426
28,Briana Treeby,btreebyr@techcrunch.com,832-152-4874
29,Mary Vossgen,mvossgens@tinyurl.com,258-912-8344
30,Carroll Pateman,cpatemant@deviantart.com,779-374-4033
31,Zoe Le Brum,zleu@spotify.com,893-362-1947
32,Riobard Brummell,rbrummellv@geocities.jp,616-824-8729
33,Dre Lill,dlillw@1688.com,342-823-3746
34,Lanni Yitzhakof,lyitzhakofx@intel.com,785-654-4305
35,Bessie Corssen,bcorsseny@bloglines.com,379-254-2864
36,La verne McKeggie,lvernez@deliciousdays.com,755-143-4822
37,Patricia Pawnsford,ppawnsford10@cbslocal.com,165-856-6082
38,Katti Cracie,kcracie11@dropbox.com,774-529-8392
39,Lissy Bercher,lbercher12@oakley.com,205-628-0426
40,Staffard Pettifer,spettifer13@tiny.cc,284-715-5634
41,Dimitry Sinnie,dsinnie14@upenn.edu,866-443-7640
42,Barbabas Wainscot,bwainscot15@indiegogo.com,859-101-9690
43,Ninon Abrahamsen,nabrahamsen16@privacy.gov.au,237-460-3926
44,Lula Trebilcock,ltrebilcock17@vkontakte.ru,317-915-7772
45,Lanni Courcey,lcourcey18@cbc.ca,128-127-6681
46,Peggie Crome,pcrome19@slashdot.org,852-621-2778
47,Carma Gally,cgally1a@china.com.cn,320-828-1372
48,Prentice De Meyer,pde1b@cnbc.com,314-805-7997
49,Dino Shobrook,dshobrook1c@printfriendly.com,461-865-7890
50,Ulrika Beasley,ubeasley1d@meetup.com,164-821-4463
51,Lem Osmon,losmon1e@prlog.org,457-829-3982
52,Reinold Tilford,rtilford1f@so-net.ne.jp,402-994-5290
53,Danni Valler,dvaller1g@delicious.com,920-626-5717
54,Cyb Aguirre,caguirre1h@wikimedia.org,383-385-8318
55,Rene Whalebelly,rwhalebelly1i@harvard.edu,149-954-9533
56,Yalonda Clavering,yclavering1j@dion.ne.jp,316-527-9690
57,Dolores Van der Spohr,dvan1k@newsvine.com,502-559-4627
58,Putnam Kenworthey,pkenworthey1l@google.ru,166-773-3571
59,Sibbie Lipsett,slipsett1m@eventbrite.com,682-601-0222
60,Cairistiona Anneslie,canneslie1n@altervista.org,773-198-9361
61,Melita Bea,mbea1o@elegantthemes.com,128-529-1973
62,Man Sleford,msleford1p@umich.edu,679-391-7078
63,Terza Benduhn,tbenduhn1q@mapquest.com,657-260-6997
64,Orv Herrieven,oherrieven1r@nifty.com,351-189-8202
65,Arline Scott,ascott1s@digg.com,174-582-8014
66,Karrie Cardon,kcardon1t@unblog.fr,504-251-8903
67,Faydra Ellaman,fellaman1u@marketwatch.com,883-299-1951
68,Teresina Gibbins,tgibbins1v@google.de,381-699-1948
69,Dorita Trench,dtrench1w@jigsy.com,927-903-5103
70,Cristy Burridge,cburridge1x@hao123.com,667-204-5650
71,Catherin Denniss,cdenniss1y@pagesperso-orange.fr,363-486-9910
72,Chlo Kleinschmidt,ckleinschmidt1z@ebay.com,197-517-0026
73,Bobbee Klehn,bklehn20@sina.com.cn,755-829-6431
74,Lina Velten,lvelten21@netscape.com,799-477-4836
75,Asa Pohlak,apohlak22@bloglines.com,556-766-1529
76,Mandi Mackrell,mmackrell23@1688.com,959-544-1008
77,Clarence Kleen,ckleen24@adobe.com,145-898-5199
78,Marji Rubinovici,mrubinovici25@paypal.com,624-830-4958
79,Rich Kalinsky,rkalinsky26@printfriendly.com,678-426-3623
80,Bibbie Torbard,btorbard27@chron.com,954-531-6243
81,Teodoro Bourgeois,tbourgeois28@flickr.com,147-895-9973
82,Hobard Becken,hbecken29@bizjournals.com,346-297-4805
83,Chucho Lambert-Ciorwyn,clambertciorwyn2a@paginegialle.it,721-184-6909
84,Cloe Leipelt,cleipelt2b@so-net.ne.jp,676-441-3604
85,Terri-jo Tremoille,ttremoille2c@hatena.ne.jp,137-969-6068
86,Alvie Cholwell,acholwell2d@php.net,614-277-6823
87,Yankee Blesli,yblesli2e@shareasale.com,831-878-6023
88,Balduin Kalkofen,bkalkofen2f@51.la,118-631-1966
89,Dalenna Andrey,dandrey2g@google.com.au,594-534-8890
90,Haley Hanstock,hhanstock2h@epa.gov,982-800-0865
91,Josie Hunnawill,jhunnawill2i@fastcompany.com,808-596-9998
92,Bee Reddecliffe,breddecliffe2j@naver.com,809-726-8394
93,Jacqueline Perryn,jperryn2k@webs.com,559-393-2645
94,Tresa MacWhirter,tmacwhirter2l@shop-pro.jp,804-436-9086
95,Happy Old,hold2m@jigsy.com,277-160-5168
96,Darlleen Boxhill,dboxhill2n@ifeng.com,802-408-1197
97,Ulrike Ottery,uottery2o@privacy.gov.au,610-765-9320
98,Vale Saffer,vsaffer2p@chicagotribune.com,556-274-9457
99,Georgina Gunton,ggunton2q@goodreads.com,766-641-1797
100,Randie Mockler,rmockler2r@discuz.net,432-855-2384
101,Fawnia Gauntlett,fgauntlett2s@sohu.com,549-392-3234
102,Alissa McEnteggart,amcenteggart2t@guardian.co.uk,848-180-8028
103,Aubree Trett,atrett2u@nsw.gov.au,259-576-8385
104,Mellie Geraldini,mgeraldini2v@ycombinator.com,430-383-7390
105,Jehu Frankish,jfrankish2w@123-reg.co.uk,483-375-1398
106,Catharina Mulqueeny,cmulqueeny2x@friendfeed.com,382-922-1012
107,Yoko Hickin,yhickin2y@xrea.com,350-653-2699
108,Wenona Probet,wprobet2z@webeden.co.uk,705-557-6792
109,Lesly Rains,lrains30@japanpost.jp,289-502-8326
110,Cindee Coulman,ccoulman31@wikia.com,924-989-3689
111,Brad Newby,bnewby32@github.com,904-774-1045
112,Ruperta Ordish,rordish33@va.gov,549-583-8729
113,Kelsi Tully,ktully34@blinklist.com,337-688-9695
114,Ike McCague,imccague35@dyndns.org,357-398-0841
115,Ase Willatts,awillatts36@amazonaws.com,210-774-3196
116,Sela Moodycliffe,smoodycliffe37@miitbeian.gov.cn,734-453-9971
117,Joanne Soper,jsoper38@shareasale.com,217-303-4794
118,Zach Potell,zpotell39@cdc.gov,371-100-8661
119,Florrie Haseman,fhaseman3a@toplist.cz,919-120-5991
120,Holmes Carlet,hcarlet3b@drupal.org,896-644-5351
121,Juanita Dundendale,jdundendale3c@linkedin.com,669-824-8567
122,Dena Ethersey,dethersey3d@smugmug.com,396-511-8827
123,Nichole Mecco,nmecco3e@cnbc.com,913-346-6946
124,Reyna Ventum,rventum3f@wired.com,428-744-4462
125,Nicola Hawkswood,nhawkswood3g@diigo.com,480-616-7023
126,Serene Larkcum,slarkcum3h@fastcompany.com,850-909-5671
127,Candis Ollenbuttel,collenbuttel3i@discuz.net,656-274-7875
128,Skye Lampett,slampett3j@blog.com,313-441-1306
129,Falito Ferenczi,fferenczi3k@yellowpages.com,777-958-2036
130,Wheeler Scandred,wscandred3l@e-recht24.de,640-472-2254
131,Myca Paolozzi,mpaolozzi3m@webs.com,842-259-2508
132,Jaymee Hilliam,jhilliam3n@examiner.com,572-350-5593
133,Miller Coatham,mcoatham3o@ebay.co.uk,189-660-8052
134,Xenia Heenan,xheenan3p@webs.com,381-155-8328
135,Eudora Leap,eleap3q@yahoo.com,693-597-4574
136,Delmer Gummory,dgummory3r@xing.com,300-677-3690
137,Ky Bakesef,kbakesef3s@google.it,342-626-4978
138,Massimiliano Franzolini,mfranzolini3t@twitter.com,834-225-1061
139,Pate Putterill,pputterill3u@webmd.com,237-952-8003
140,Delcine Gallant,dgallant3v@spotify.com,486-120-6044
141,Marguerite Raitie,mraitie3w@ucoz.com,976-732-8017
142,Mercy Tolomelli,mtolomelli3x@yahoo.co.jp,935-447-3911
143,Konrad Nisen,knisen3y@apache.org,158-742-1894
144,Jarid Jagielski,jjagielski3z@cyberchimps.com,444-718-8895
145,Nickie Bradnock,nbradnock40@who.int,878-934-8300
146,Fidelity Barson,fbarson41@cnet.com,855-453-2823
147,Rosemaria Ault,rault42@1688.com,455-353-7546
148,Gram Pickless,gpickless43@buzzfeed.com,390-203-7752
149,Krishna Bacup,kbacup44@51.la,920-940-9985
150,Gaby Grinaugh,ggrinaugh45@themeforest.net,953-989-6198
151,Rafaelita MacGovern,rmacgovern46@amazon.com,897-827-7842
152,Danya Hindenburg,dhindenburg47@usgs.gov,438-540-1318
153,Christi Murrie,cmurrie48@constantcontact.com,427-864-8128
154,Dmitri Pepperill,dpepperill49@jalbum.net,270-137-9769
155,Irene Graveney,igraveney4a@icio.us,130-988-6846
156,Ford Garrie,fgarrie4b@live.com,938-643-9546
157,Vicki Inker,vinker4c@sciencedirect.com,257-857-7687
158,Wayland Gyles,wgyles4d@wired.com,982-309-2894
159,Ase Connor,aconnor4e@china.com.cn,638-923-2229
160,Kale Gummow,kgummow4f@liveinternet.ru,840-467-9407
161,Belia Bosenworth,bbosenworth4g@abc.net.au,751-498-7749
162,Trish Jiroudek,tjiroudek4h@netvibes.com,215-275-8631
163,Harcourt Maty,hmaty4i@gov.uk,710-864-8338
164,Leoine Lockey,llockey4j@vinaora.com,411-616-2794
165,Delmer Ox,dox4k@mapy.cz,411-755-6960
166,Mirna Mance,mmance4l@miibeian.gov.cn,632-730-7912
167,Pooh Drummer,pdrummer4m@lulu.com,637-188-0480
168,Celisse Yann,cyann4n@webnode.com,669-745-4073
169,Edee Chardin,echardin4o@privacy.gov.au,226-605-8883
170,Lucy Matejka,lmatejka4p@e-recht24.de,862-421-5489
171,Aldous Ingry,aingry4q@posterous.com,644-815-4811
172,Reginauld Galfour,rgalfour4r@techcrunch.com,375-544-6220
173,Marian Heikkinen,mheikkinen4s@t-online.de,851-957-6720
174,Berri Downton,bdownton4t@netvibes.com,683-243-0153
175,Phineas Genner,pgenner4u@tumblr.com,846-504-6790
176,Kitty Boliver,kboliver4v@reuters.com,715-605-8597
177,Briggs Becken,bbecken4w@desdev.cn,564-477-1777
178,Brandise Annes,bannes4x@squarespace.com,526-635-6403
179,Gianina Strotton,gstrotton4y@huffingtonpost.com,180-677-1589
180,Kippar Mattusov,kmattusov4z@zimbio.com,410-533-4994
181,Jon Worland,jworland50@ow.ly,736-995-6488
182,Yettie Tomblett,ytomblett51@comsenz.com,923-601-0621
183,Zacharie Martel,zmartel52@prlog.org,215-198-5534
184,Turner Gandley,tgandley53@feedburner.com,533-503-3934
185,Trent Shiliton,tshiliton54@godaddy.com,166-777-7912
186,Livy McClunaghan,lmcclunaghan55@hao123.com,216-671-6026
187,Nerti Delooze,ndelooze56@google.de,389-748-2268
188,Henry Stienton,hstienton57@loc.gov,985-284-7698
189,Tawnya Dilston,tdilston58@delicious.com,294-302-3020
190,Sandra Bairstow,sbairstow59@apple.com,972-484-9802
191,Pepi Jessel,pjessel5a@slashdot.org,880-540-1478
192,Rowan Thundercliffe,rthundercliffe5b@prnewswire.com,644-664-8768
193,Arthur Berick,aberick5c@tamu.edu,185-535-7468
194,Loraine Freyn,lfreyn5d@bravesites.com,519-843-2726
195,Tedi Bourbon,tbourbon5e@nytimes.com,489-242-0529
196,Barde Smitherham,bsmitherham5f@de.vu,197-802-3512
197,Augustus Morilla,amorilla5g@google.nl,139-523-6808
198,Trix Gainsbury,tgainsbury5h@hexun.com,428-839-1568
199,Alice Westfalen,awestfalen5i@archive.org,479-326-6151
200,Skipton Varey,svarey5j@ameblo.jp,553-878-0638
201,Roddie Goodbar,rgoodbar5k@imgur.com,747-473-2474
202,Phip Milsted,pmilsted5l@symantec.com,900-903-4189
203,Timothy Orgill,torgill5m@zdnet.com,688-563-7268
204,Deina Halm,dhalm5n@people.com.cn,635-381-5318
205,Clerc Crum,ccrum5o@w3.org,709-661-9335
206,Ebony Westfield,ewestfield5p@examiner.com,835-670-6511
207,Koenraad Bockman,kbockman5q@prweb.com,422-844-0845
208,Gipsy Dikle,gdikle5r@shop-pro.jp,162-308-4626
209,Raviv Burnsyde,rburnsyde5s@gmpg.org,417-436-6138
210,Justis Dowty,jdowty5t@npr.org,925-993-8679
211,Cornelle Glackin,cglackin5u@indiatimes.com,175-680-8162
212,Si Crapper,scrapper5v@sakura.ne.jp,486-915-0386
213,Latrina Orman,lorman5w@plala.or.jp,306-105-4495
214,Maxim Dubock,mdubock5x@usda.gov,141-164-9325
215,Willis Bande,wbande5y@cnet.com,873-401-4313
216,Jaquith Gammack,jgammack5z@cdc.gov,611-280-6138
217,Auria Ayres,aayres60@nih.gov,697-112-9571
218,Guntar Stelli,gstelli61@gmpg.org,496-363-6128
219,Rafaela Windaybank,rwindaybank62@facebook.com,403-678-8380
220,Celia MacClure,cmacclure63@ftc.gov,572-749-1008
221,Melisa Whacket,mwhacket64@princeton.edu,259-760-3922
222,Bank Keech,bkeech65@odnoklassniki.ru,680-566-9780
223,Allan Laraway,alaraway66@tiny.cc,899-336-2731
224,Cass Tailby,ctailby67@angelfire.com,672-699-5780
225,Elvina Plowman,eplowman68@yolasite.com,677-829-7764
226,Danell Wolfer,dwolfer69@merriam-webster.com,451-282-9638
227,Siward Wyre,swyre6a@stumbleupon.com,896-817-7325
228,Ibrahim Dellit,idellit6b@google.ca,253-100-6665
229,Merrel Balk,mbalk6c@amazonaws.com,729-449-9372
230,Israel Searles,isearles6d@weibo.com,334-590-5085
231,Nicol Sirman,nsirman6e@furl.net,560-758-0672
232,Garreth McGriffin,gmcgriffin6f@list-manage.com,943-192-4330
233,Clarance Leroux,cleroux6g@house.gov,408-360-0324
234,Murray Somers,msomers6h@360.cn,562-695-2337
235,Jamil Petrichat,jpetrichat6i@msn.com,409-397-3802
236,Hamid Bruun,hbruun6j@who.int,504-956-7339
237,Crin Saipy,csaipy6k@dedecms.com,147-308-2658
238,Bren Brusin,bbrusin6l@vimeo.com,879-139-1987
239,Katy Estcourt,kestcourt6m@pinterest.com,799-306-1672
240,Tiebold Giffen,tgiffen6n@hhs.gov,949-367-6792
241,Lynn Pleager,lpleager6o@hexun.com,390-216-9812
242,Darsie Brownlea,dbrownlea6p@house.gov,952-833-5589
243,Jeni Braybrook,jbraybrook6q@mtv.com,212-964-5230
244,Adey Danbrook,adanbrook6r@spiegel.de,728-750-7644
245,Delly Vowles,dvowles6s@bloglines.com,775-651-8105
246,Yuma Redd,yredd6t@paypal.com,183-583-4907
247,Fae Pettman,fpettman6u@soup.io,596-237-7190
248,Sisely Walshaw,swalshaw6v@utexas.edu,590-524-4651
249,Keely Melding,kmelding6w@cafepress.com,496-785-3258
250,Clevie Noads,cnoads6x@patch.com,459-277-4399
251,Krissie Dormer,kdormer6y@godaddy.com,239-889-6859
252,Berkeley Chaloner,bchaloner6z@barnesandnoble.com,192-315-8753
253,Nancie Grafhom,ngrafhom70@purevolume.com,349-714-3163
254,Andrei Adamoli,aadamoli71@unc.edu,784-253-3141
255,Alicia Flew,aflew72@amazon.co.jp,363-448-8785
256,Sauveur Clamp,sclamp73@unesco.org,417-823-9954
257,Clim Tocqueville,ctocqueville74@wikimedia.org,586-132-5258
258,Christopher Smallridge,csmallridge75@ucoz.com,147-507-3223
259,Aristotle Rosengren,arosengren76@wsj.com,127-363-6189
260,Sonny Lucas,slucas77@chronoengine.com,180-362-3392
261,Kathi Loughan,kloughan78@devhub.com,417-559-5078
262,Martica Garrioch,mgarrioch79@linkedin.com,397-633-8364
263,Valencia Deguara,vdeguara7a@creativecommons.org,801-248-3613
264,Coretta Laddle,claddle7b@japanpost.jp,955-577-2575
265,Romola Josephoff,rjosephoff7c@sogou.com,236-718-5249
266,Brodie Driver,bdriver7d@mashable.com,570-739-2084
267,Glen Badcock,gbadcock7e@salon.com,550-850-5171
268,Brendin Koschke,bkoschke7f@icq.com,845-279-6311
269,Dani Sleep,dsleep7g@tripod.com,675-353-0699
270,Ruddy Larne,rlarne7h@senate.gov,564-940-2395
271,Raquela Stollenberg,rstollenberg7i@studiopress.com,892-361-9823
272,Rinaldo Eric,reric7j@networkadvertising.org,674-443-5805
273,Caryl Tayt,ctayt7k@miibeian.gov.cn,687-176-6716
274,Winni Wilman,wwilman7l@com.com,238-485-0772
275,Kirsten Elmer,kelmer7m@noaa.gov,621-943-5746
276,Lynnet Bomfield,lbomfield7n@ed.gov,616-547-6874
277,Carlita McKelloch,cmckelloch7o@umich.edu,273-379-8383
278,Lauree Surcomb,lsurcomb7p@technorati.com,100-651-0435
279,Andrea Cordes,acordes7q@hibu.com,747-679-2615
280,Dawn Ashbrook,dashbrook7r@boston.com,286-154-0903
281,Roxi Oliva,roliva7s@house.gov,833-976-6213
282,Vicki Hertwell,vhertwell7t@berkeley.edu,410-289-5962
283,Nara Townsley,ntownsley7u@sciencedirect.com,406-752-9161
284,Hercules Broggini,hbroggini7v@parallels.com,839-684-7456
285,Anabella Howes,ahowes7w@homestead.com,890-467-5244
286,Lita Abela,labela7x@redcross.org,501-674-4275
287,Tyler Jailler,tjailler7y@behance.net,708-897-7354
288,Kristofor O'Lahy,kolahy7z@soundcloud.com,387-293-4316
289,Glenden Tomaszkiewicz,gtomaszkiewicz80@wisc.edu,935-178-1915
290,Onfre Bagnal,obagnal81@reddit.com,777-645-3728
291,Samara Huitt,shuitt82@netscape.com,185-844-1800
292,Charlie Gegg,cgegg83@bigcartel.com,369-700-4432
293,Ariel Illem,aillem84@github.com,829-902-0281
294,Sunshine Matus,smatus85@dion.ne.jp,554-757-8755
295,Grissel Flatman,gflatman86@toplist.cz,661-236-4428
296,Virgie Bolte,vbolte87@dailymail.co.uk,678-856-2369
297,Dehlia Poppleston,dpoppleston88@google.nl,220-482-9867
298,Phil Gencke,pgencke89@imageshack.us,182-418-1087
299,Perla Call,pcall8a@infoseek.co.jp,661-592-0142
300,Jerrie Fussell,jfussell8b@etsy.com,206-219-0312
301,Lily Sallter,lsallter8c@thetimes.co.uk,313-971-3723
302,Erda Coggen,ecoggen8d@surveymonkey.com,824-142-4323
303,Martina Kenset,mkenset8e@tinyurl.com,726-599-9317
304,Toma Langeley,tlangeley8f@hexun.com,624-787-9519
305,Megan Gatesman,mgatesman8g@mtv.com,280-699-9822
306,Stella Lockney,slockney8h@dropbox.com,822-172-9798
307,Christel Chainey,cchainey8i@ucoz.com,986-312-5143
308,Paulie Hans,phans8j@xrea.com,353-946-0708
309,Krystal Lannen,klannen8k@state.gov,498-781-0305
310,Jacob Dalgarnocht,jdalgarnocht8l@globo.com,356-893-9447
311,Waylin Gault,wgault8m@army.mil,514-671-9891
312,Betsy Streetfield,bstreetfield8n@hao123.com,253-234-2281
313,Alonso Beeho,abeeho8o@ow.ly,415-490-4756
314,Norine Debow,ndebow8p@ox.ac.uk,333-950-9828
315,Sheff Nockles,snockles8q@drupal.org,693-629-1006
316,Cristal Agiolfinger,cagiolfinger8r@cyberchimps.com,691-736-7055
317,Jesselyn Lehrmann,jlehrmann8s@ezinearticles.com,683-104-9278
318,Wendy Rhead,wrhead8t@123-reg.co.uk,404-285-0890
319,Eldridge Conningham,econningham8u@aboutads.info,653-731-8163
320,Katherine Shadrach,kshadrach8v@ox.ac.uk,122-357-0614
321,Vikki Shoebottom,vshoebottom8w@marketwatch.com,512-220-7197
322,Mab Oliveto,moliveto8x@canalblog.com,516-267-5940
323,Emma Yakovich,eyakovich8y@cpanel.net,935-903-7718
324,Jermaine Gheraldi,jgheraldi8z@miitbeian.gov.cn,315-832-4695
325,Val Kenan,vkenan90@storify.com,670-342-8420
326,Gwenore Emblow,gemblow91@amazon.co.jp,136-751-0565
327,Wendye Works,wworks92@epa.gov,806-984-5995
328,Annice Fitzackerley,afitzackerley93@bloglovin.com,503-838-7148
329,Doti Toombes,dtoombes94@ucla.edu,215-865-8781
330,Tabatha Davitti,tdavitti95@phoca.cz,260-714-0177
331,Benni Summerell,bsummerell96@un.org,758-267-3200
332,Waldon Gounard,wgounard97@example.com,128-616-0826
333,Alfy Sipson,asipson98@yelp.com,545-344-9769
334,Reinhard Tweed,rtweed99@blogtalkradio.com,711-602-7932
335,Cletis Aizikovitz,caizikovitz9a@photobucket.com,141-170-8862
336,Mord Pyrke,mpyrke9b@slate.com,602-854-5569
337,Nickolaus Brookz,nbrookz9c@google.it,930-592-8817
338,Issie Zecchini,izecchini9d@nyu.edu,470-814-1345
339,Adoree Conneely,aconneely9e@github.io,237-847-1756
340,Julietta Rickell,jrickell9f@usa.gov,146-879-6848
341,Donalt Klosterman,dklosterman9g@cnet.com,377-800-0852
342,Luce Maggill'Andreis,lmaggillandreis9h@noaa.gov,992-127-8746
343,Selia Klimushev,sklimushev9i@rediff.com,436-413-1301
344,Nedda Dandison,ndandison9j@netvibes.com,694-318-3347
345,Vittorio Carreyette,vcarreyette9k@java.com,385-879-5991
346,Elysee Finden,efinden9l@diigo.com,468-874-1236
347,Jill Boynes,jboynes9m@about.me,110-257-2419
348,Mable Guidotti,mguidotti9n@latimes.com,492-782-4654
349,Marlowe Bodley,mbodley9o@typepad.com,748-267-2321
350,Skyler Francioli,sfrancioli9p@constantcontact.com,391-362-3639
351,Kinsley Philipp,kphilipp9q@webmd.com,351-903-4807
352,Brandice Digg,bdigg9r@google.it,848-618-3096
353,Lacie Johnston,ljohnston9s@goodreads.com,313-663-1079
354,Beulah Mulford,bmulford9t@hao123.com,629-604-0069
355,Melli Portis,mportis9u@businesswire.com,562-454-8985
356,Goran Luckhurst,gluckhurst9v@wikipedia.org,696-903-9169
357,Heindrick Moynihan,hmoynihan9w@bigcartel.com,478-891-8968
358,Huntley Strapp,hstrapp9x@wisc.edu,457-377-2976
359,Orland Fones,ofones9y@miitbeian.gov.cn,356-202-8480
360,Ophelie Stembridge,ostembridge9z@homestead.com,202-867-6793
361,Brooks Raff,braffa0@biglobe.ne.jp,495-596-3126
362,Jonell Trunkfield,jtrunkfielda1@cbsnews.com,326-935-0739
363,Allyce Di Biasio,adia2@apple.com,801-491-4644
364,Wesley Melrose,wmelrosea3@illinois.edu,802-248-5453
365,Eugenie Fidgett,efidgetta4@domainmarket.com,716-158-5399
366,Marshall Hardy,mhardya5@constantcontact.com,543-807-1386
367,Mab Stone Fewings,mstonea6@ucsd.edu,213-400-9025
368,Doti Yeandel,dyeandela7@examiner.com,715-719-2822
369,Bearnard Brydie,bbrydiea8@rakuten.co.jp,330-234-1713
370,Enrichetta Shout,eshouta9@bravesites.com,713-517-8689
371,Valeda Cloute,vclouteaa@tamu.edu,747-759-8905
372,Alyce Asee,aaseeab@tuttocitta.it,277-717-6760
373,Loraine Bartle,lbartleac@ucoz.ru,544-978-1718
374,Roma Vasyunin,rvasyuninad@quantcast.com,638-368-4197
375,Josh Maddox,jmaddoxae@fda.gov,650-967-0522
376,Harriett Sambrok,hsambrokaf@va.gov,608-768-8689
377,Brena Eingerfield,beingerfieldag@gnu.org,351-645-6966
378,Lynde Bleasdale,lbleasdaleah@ucsd.edu,553-573-0723
379,Hadlee Crockford,hcrockfordai@pbs.org,112-898-1948
380,Katerina Priestland,kpriestlandaj@unesco.org,472-389-6929
381,Nanice Cushworth,ncushworthak@msn.com,654-634-1012
382,Graehme Keher,gkeheral@xrea.com,611-207-5726
383,Janel Hodgins,jhodginsam@cdbaby.com,849-615-2937
384,Ilaire Mitham,imithaman@issuu.com,916-578-3829
385,Sibel Cranke,scrankeao@boston.com,913-705-5699
386,Adrien Evers,aeversap@slate.com,888-718-6331
387,Rabbi Elwel,relwelaq@slate.com,412-579-6253
388,Dex Dymick,ddymickar@ebay.com,416-639-2866
389,Jana Dingley,jdingleyas@ocn.ne.jp,484-947-3524
390,Arlen Gwinnel,agwinnelat@mysql.com,989-939-1107
391,Kellen Remer,kremerau@devhub.com,119-229-1415
392,Ansley Waterworth,awaterworthav@sourceforge.net,227-515-7804
393,Noel Golland,ngollandaw@theglobeandmail.com,338-516-1137
394,Andie Medcalfe,amedcalfeax@bravesites.com,239-445-0610
395,Donica Bastone,dbastoneay@dell.com,515-492-7283
396,Perry Abbatt,pabbattaz@comsenz.com,334-599-7885
397,Ahmed Bree,abreeb0@epa.gov,378-235-2341
398,Donavon Brewitt,dbrewittb1@nsw.gov.au,316-281-6828
399,Catrina Cloonan,ccloonanb2@imgur.com,888-813-7667
400,Dan Jamieson,djamiesonb3@wordpress.org,363-266-5770
401,Reynold Perrone,rperroneb4@naver.com,173-261-0940
402,Lilas Jancy,ljancyb5@apple.com,736-471-1998
403,Lyndy Larver,llarverb6@paginegialle.it,520-332-8289
404,Modesta Grigoriev,mgrigorievb7@yahoo.co.jp,258-125-4133
405,Leopold Gilburt,lgilburtb8@cocolog-nifty.com,751-209-3400
406,Vivia Calrow,vcalrowb9@mlb.com,698-370-4178
407,Ilsa Ruste,irusteba@google.co.uk,182-237-5532
408,Mohammed Sinkinson,msinkinsonbb@bbb.org,436-608-3841
409,Lisetta Pill,lpillbc@amazonaws.com,775-549-2274
410,Engracia Simmgen,esimmgenbd@google.nl,917-105-3409
411,Alvis Williment,awillimentbe@infoseek.co.jp,929-408-2200
412,Guendolen Drable,gdrablebf@uiuc.edu,413-205-4457
413,Gracia Klossmann,gklossmannbg@techcrunch.com,695-355-0532
414,Roger Fairholme,rfairholmebh@foxnews.com,891-435-0880
415,Waldon Custard,wcustardbi@taobao.com,163-223-0214
416,Redd Lambrook,rlambrookbj@sfgate.com,786-833-8594
417,Consalve Kevane,ckevanebk@imageshack.us,934-616-2301
418,Cherye Liddiard,cliddiardbl@hud.gov,607-474-3835
419,Patrice Josipovitz,pjosipovitzbm@deviantart.com,722-453-9422
420,Dita Gregorin,dgregorinbn@salon.com,833-451-8513
421,Birgitta Niche,bnichebo@wiley.com,469-381-3952
422,Gweneth Pollard,gpollardbp@imgur.com,194-758-6767
423,Sonya Royle,sroylebq@tumblr.com,515-345-7135
424,Tamarra Junkin,tjunkinbr@usnews.com,961-721-8009
425,Rayshell Arnley,rarnleybs@dyndns.org,194-550-6435
426,Coralie Esson,cessonbt@msn.com,980-757-5083
427,Agace Rickardes,arickardesbu@npr.org,143-234-3057
428,Binky Cristofolini,bcristofolinibv@mtv.com,179-337-8164
429,Jayme Beltzner,jbeltznerbw@spotify.com,986-946-4446
430,Caritta Chant,cchantbx@oaic.gov.au,579-185-8634
431,Adolph Mauditt,amaudittby@usda.gov,242-786-7888
432,Clarissa Blindt,cblindtbz@soundcloud.com,180-545-1052
433,Alonzo Vaen,avaenc0@icio.us,891-616-5613
434,Shalom Dartan,sdartanc1@state.gov,846-723-9614
435,Mariann Adnet,madnetc2@scientificamerican.com,769-958-5000
436,Neila Bithell,nbithellc3@wordpress.com,464-956-6882
437,Vicky Cholomin,vcholominc4@globo.com,472-894-8610
438,Horatia Venable,hvenablec5@bing.com,806-311-6380
439,Willa Brierton,wbriertonc6@wix.com,396-393-1584
440,Rene Lawtie,rlawtiec7@issuu.com,539-620-9920
441,Ode Boulds,obouldsc8@jigsy.com,813-886-9274
442,Lorelle Dreinan,ldreinanc9@si.edu,582-182-2666
443,Kathleen Morritt,kmorrittca@wisc.edu,324-244-4066
444,Garv Sarfat,gsarfatcb@twitter.com,499-209-9799
445,Emera Aburrow,eaburrowcc@e-recht24.de,551-119-5103
446,Brina Procter,bproctercd@salon.com,113-703-6294
447,Tildi Fearfull,tfearfullce@msu.edu,241-925-6089
448,Myrle Lehenmann,mlehenmanncf@google.ru,414-903-1327
449,Marius Manis,mmaniscg@twitpic.com,677-586-4124
450,Nadia Coumbe,ncoumbech@barnesandnoble.com,119-874-8173
451,Cameron Wyss,cwyssci@cdbaby.com,337-275-1323
452,Barbette Issit,bissitcj@goo.gl,339-363-8613
453,Ottilie Iacovucci,oiacovuccick@sciencedirect.com,700-183-5673
454,Annie Chesswas,achesswascl@gnu.org,374-482-8183
455,Veronica Foort,vfoortcm@nba.com,790-795-4172
456,Pepita Janecek,pjanecekcn@gmpg.org,202-298-1278
457,Marita Uff,muffco@samsung.com,752-291-2835
458,Frasco Begg,fbeggcp@earthlink.net,716-477-4587
459,Gabbi Dunkerly,gdunkerlycq@usnews.com,603-175-6960
460,Clemmy Hedylstone,chedylstonecr@stanford.edu,340-377-6502
461,Dorian Rittelmeyer,drittelmeyercs@unc.edu,702-549-9970
462,Lynette Vyel,lvyelct@xing.com,955-334-5890
463,Emlyn Probin,eprobincu@about.com,551-660-8025
464,Pansie Lethbury,plethburycv@bbc.co.uk,431-450-4286
465,Rosemonde Towell,rtowellcw@merriam-webster.com,440-544-1555
466,Nanine Mulderrig,nmulderrigcx@opera.com,449-819-8621
467,Mirilla Eckhard,meckhardcy@cbsnews.com,443-170-3137
468,Claybourne Pury,cpurycz@dyndns.org,405-564-6022
469,Jermain Woodman,jwoodmand0@vk.com,179-560-9143
470,Gaye Bisiker,gbisikerd1@nih.gov,438-351-0496
471,Ricoriki Cansdill,rcansdilld2@wisc.edu,425-833-0338
472,Freeman Keene,fkeened3@studiopress.com,639-580-2719
473,Jodi de Almeida,jded4@alexa.com,345-201-5493
474,Daniele Wonham,dwonhamd5@storify.com,872-895-4064
475,Reinald Goacher,rgoacherd6@infoseek.co.jp,407-623-6108
476,Devin Tschiersch,dtschierschd7@boston.com,548-378-6044
477,Shirlene Tennock,stennockd8@epa.gov,459-661-3387
478,Eula Iacomini,eiacominid9@edublogs.org,392-903-5798
479,Eirena Leggatt,eleggattda@nasa.gov,244-726-7843
480,Carla Celiz,ccelizdb@huffingtonpost.com,169-590-6985
481,Minerva Cowl,mcowldc@phoca.cz,590-259-1354
482,Elwood Footer,efooterdd@fema.gov,287-974-6187
483,Deane Dallosso,ddallossode@woothemes.com,783-462-4887
484,Brendan Gwilt,bgwiltdf@harvard.edu,160-417-8818
485,Justen Worsham,jworshamdg@yellowpages.com,450-938-1147
486,Cecelia Elder,celderdh@samsung.com,939-886-8086
487,Shirl Blofield,sblofielddi@google.com,584-248-4176
488,Rafferty Abdie,rabdiedj@jalbum.net,117-728-1070
489,Tiphani Saywell,tsaywelldk@merriam-webster.com,180-703-9476
490,Kelby Caneo,kcaneodl@google.cn,251-596-6630
491,Gayleen Balshen,gbalshendm@oaic.gov.au,412-927-4370
492,Bartolomeo Horder,bhorderdn@eepurl.com,286-971-6786
493,Salomone Brilleman,sbrillemando@tinyurl.com,363-675-1555
494,Charita Tithacott,ctithacottdp@desdev.cn,847-230-4925
495,Amandie Ellesmere,aellesmeredq@gravatar.com,738-729-7468
496,Sonny Crayton,scraytondr@unesco.org,749-538-9096
497,Gleda Pirrone,gpirroneds@eepurl.com,681-559-4305
498,Carie Felix,cfelixdt@apache.org,229-405-7503
499,Lynnett Teesdale,lteesdaledu@jugem.jp,163-535-9652
500,Rickie Garstan,rgarstandv@earthlink.net,361-968-1661
